id,comment,image,rating,date,tag
red_g***,밀양 핫플 고려연와 다녀왔습니다. 압도적인 스케일의 붉은 벽돌 벽면은 사진 찍기만 해도 인생샷이 나오네요.,review_1.webp,4,2026.05.20,전시회
sceni***********,조명과 붉은 벽돌이 주는 따뜻하면서도 장엄한 아우라가 대단해요. 경남 핫플 중 공간 연출이 단연코 톱클래스입니다.,review_2.webp,5,2026.05.11,야간
galle**********,밀양 가볼만한곳 중 이만큼 압도적이고 몽환적인 감성을 주는 곳은 없습니다. 고려연와의 시네마틱 무드에 푹 빠졌어요.,review_3.webp,5,2026.05.01,야간
epic_*******,인쇄물이나 모니터로 보던 것보다 공간이 주는 감동이 백 배는 더 큽니다. 공간이 지닌 소리와 공기마저 예술이에요.,review_4.webp,5,2026.05.24,야간
stage*********,기존 벽돌공장의 헤리티지를 완벽하게 살린 도시재생의 최고봉입니다. 전시와 무대 연출이 갈 때마다 늘 새로워요.,review_5.webp,4,2026.05.16,전시회
g窯_ca*****,"밀양 고려연와 전시 후기 보고 왔는데, 소문대로 독보적입니다. 거친 벽돌 틈새로 쏟아지는 빛이 너무 신비하네요.",review_6.webp,5,2026.05.19,전시회
galle************,100년 가마터의 역사적인 흔적과 현대 현대미술 기획전의 만남이 너무 조화롭네요. 밀양 고려연와 후기 꼭 남기고 싶었습니다.,review_7.webp,5,2026.05.01,전시회
visio**********,붉은 벽돌에 감도는 은은한 조명이 너무 아늑하고 따뜻해요. 바쁜 일상에서 벗어나 힐링하기 최적의 장소입니다.,review_8.webp,5,2026.05.21,야간
muse_*******,밀양 여행 중에 가장 잘한 선택이네요. 공간 자체가 지닌 아우라가 대단해서 걷는 내내 웅장함에 압도되었습니다.,review_9.webp,5,2026.05.22,야간
red_v*******,"웅장한 가마터 건물 자체만으로도 방문할 가치가 충분한데, 기획된 무대 연출이 더해지니 예술의 극치를 보여줍니다.",review_10.webp,5,2026.05.09,전시회
weddi*************,패션쇼 런웨이가 펼쳐졌던 기하학적인 벽돌 기둥들을 눈앞에서 보니 전율이 느껴지더군요. 예술적 영감이 넘치는 곳입니다.,review_11.webp,5,2026.05.17,패션쇼
visio***********,"하우스 웨딩 스냅 촬영으로 예약 방문했었는데, 자연광과 아치형 기둥들의 클래식한 비율 덕분에 촬영본이 너무 고급스럽게 잘 나왔습니다.",review_12.webp,5,2026.05.16,웨딩
light*******,"하우스 웨딩이 열렸던 날 다녀왔는데, 붉은 벽돌과 생화 데코레이션의 조화가 로맨틱함의 극치였습니다. 경남 데이트 코스로 강추해요.",review_13.webp,4,2026.05.24,웨딩
mirya********,"빛과 어둠, 벽돌의 묵직함이 자아내는 분위기가 신비롭습니다. 밀양 핫플답게 평일에도 사진 촬영하러 오신 분들이 많네요.",review_14.webp,5,2026.05.16,패션쇼
hotpl**********,밀양 가볼만한곳 찾고 계시다면 고려연와는 선택이 아닌 필수입니다. 거대한 오토 가마터의 공간에 전율이 흐르네요.,review_15.webp,5,2026.05.05,패션쇼
colum************,경남여행 왔다가 들렀는데 이번 여행 중 최고의 발견입니다. 시네마틱하고 트렌디한 공간이 주는 쾌감이 장난 아니에요.,review_16.webp,5,2026.05.14,웨딩
spot_******,웅장한 역사성 위에 얹어진 세련된 문화 예술 콘텐츠! 고려연와는 밀양을 넘어 경남을 대표할 만한 문화 랜드마크입니다.,review_17.webp,5,2026.05.08,전시회
galle***********,100년의 역사를 가진 벽돌 공장이 이렇게 시네마틱한 예술 공간으로 바뀔 수 있다니 감동적입니다. 밀양 고려연와 강추합니다!,review_18.webp,5,2026.05.11,웨딩
hotpl*************,전시를 보는 동안 마치 시간이 멈춘 듯한 신비로운 경험이었습니다. 밀양 가볼만한곳으로 무조건 오세요 두 번 오세요.,review_19.webp,5,2026.05.19,전시회
spot_*******,과거의 거친 산업 유산과 현대적인 미니멀 아키텍처가 공존하는 독보적인 공간. 경남 전시회 중 가장 힙한 공간인 듯합니다.,review_20.webp,4,2026.05.21,전시회
space******,밀양 여행 중에 가장 잘한 선택이네요. 공간 자체가 지닌 아우라가 대단해서 걷는 내내 웅장함에 압도되었습니다.,review_21.webp,4,2026.05.01,패션쇼
space********,"빛과 어둠, 벽돌의 묵직함이 자아내는 분위기가 신비롭습니다. 밀양 핫플답게 평일에도 사진 촬영하러 오신 분들이 많네요.",review_22.webp,4,2026.05.08,야간
space**********,가족들과 함께 방문했는데 어른들도 옛 추억과 현대 미술의 조화에 너무 신기해하시고 좋아하셨어요. 경남여행 코스로 완벽합니다.,review_23.webp,4,2026.05.05,전시회
daily*******,아치 구조의 붉은 열주가 연출하는 기하학적 깊이감에 한참 동안 넋을 잃고 바라보았습니다. 건축적 완성도가 대단합니다.,review_24.webp,5,2026.05.07,웨딩
g窯_ar****,패션쇼 런웨이가 펼쳐졌던 기하학적인 벽돌 기둥들을 눈앞에서 보니 전율이 느껴지더군요. 예술적 영감이 넘치는 곳입니다.,review_25.webp,5,2026.05.24,패션쇼
art_s*****,"공간이 주는 울림이 대단해요. 빈 캔버스에 어떤 예술을 그려내느냐에 따라 무한히 변모하는 고려연와, 늘 응원합니다.",review_26.webp,5,2026.05.24,전시회
art_t*******,과거의 거친 산업 유산과 현대적인 미니멀 아키텍처가 공존하는 독보적인 공간. 경남 전시회 중 가장 힙한 공간인 듯합니다.,review_27.webp,5,2026.05.19,전시회
art_b******,YSL 패션쇼를 연상시키는 압도적인 기둥 런웨이 공간! 밀양에서 이런 세련된 비주얼을 마주하게 될 줄 몰랐네요.,review_28.webp,5,2026.05.21,패션쇼
hotpl************,밀양 여행 중에 가장 잘한 선택이네요. 공간 자체가 지닌 아우라가 대단해서 걷는 내내 웅장함에 압도되었습니다.,review_29.webp,5,2026.05.16,야간
muse_**********,밀양 고려연와의 독보적인 비주얼에 감탄하고 갑니다. 특히 기둥 사이의 라인과 조명 구성이 정말 감각적이네요.,review_30.webp,4,2026.05.25,패션쇼
epic_*******,단순히 보는 전시를 넘어 오감으로 공간을 겪는 체험입니다. 밀양 데이트 코스로 이보다 완벽한 곳은 없습니다.,review_31.webp,5,2026.05.09,전시회
epic_********,"하우스 웨딩이 열렸던 날 다녀왔는데, 붉은 벽돌과 생화 데코레이션의 조화가 로맨틱함의 극치였습니다. 경남 데이트 코스로 강추해요.",review_32.webp,5,2026.05.21,웨딩
yeonw*************,붉은 벽돌 가마와 아치형 열주들 사이로 스며드는 조명이 비현실적으로 아름답습니다. 밀양 가볼만한곳 1순위 추천이에요.,review_33.webp,5,2026.05.19,야간
space*********,밤에 방문했더니 조명이 비치는 붉은 벽돌이 너무 낭만적이고 영화 같았어요. 야간 데이트 명소로 강추합니다.,review_34.webp,5,2026.05.16,야간
trave*********,가족들과 함께 방문했는데 어른들도 옛 추억과 현대 미술의 조화에 너무 신기해하시고 좋아하셨어요. 경남여행 코스로 완벽합니다.,review_35.webp,5,2026.05.20,전시회
space*********,전시를 보는 동안 마치 시간이 멈춘 듯한 신비로운 경험이었습니다. 밀양 가볼만한곳으로 무조건 오세요 두 번 오세요.,review_36.webp,4,2026.05.09,전시회
muse_********,아치 구조의 붉은 열주가 연출하는 기하학적 깊이감에 한참 동안 넋을 잃고 바라보았습니다. 건축적 완성도가 대단합니다.,review_37.webp,5,2026.05.21,패션쇼
stage**********,이벤트가 열릴 때마다 완전히 새로운 무대로 변모하는 공간감이 소름 돋아요. 이번 전시도 정말 웅장했습니다.,review_38.webp,5,2026.05.10,전시회
herit***********,붉은 벽돌에 감도는 은은한 조명이 너무 아늑하고 따뜻해요. 바쁜 일상에서 벗어나 힐링하기 최적의 장소입니다.,review_39.webp,5,2026.05.23,야간
runwa*************,붉은 벽돌에 감도는 은은한 조명이 너무 아늑하고 따뜻해요. 바쁜 일상에서 벗어나 힐링하기 최적의 장소입니다.,review_40.webp,4,2026.05.19,야간
visio*************,이벤트가 열릴 때마다 완전히 새로운 무대로 변모하는 공간감이 소름 돋아요. 이번 전시도 정말 웅장했습니다.,review_41.webp,5,2026.05.20,전시회
stage*********,밤에 방문했더니 조명이 비치는 붉은 벽돌이 너무 낭만적이고 영화 같았어요. 야간 데이트 명소로 강추합니다.,review_42.webp,5,2026.05.16,야간
trave********,"빛과 어둠, 벽돌의 묵직함이 자아내는 분위기가 신비롭습니다. 밀양 핫플답게 평일에도 사진 촬영하러 오신 분들이 많네요.",review_43.webp,5,2026.05.02,웨딩
gorye**********,밀양 고려연와의 독보적인 비주얼에 감탄하고 갑니다. 특히 기둥 사이의 라인과 조명 구성이 정말 감각적이네요.,review_44.webp,5,2026.05.09,패션쇼
arch_**********,경남여행 왔다가 들렀는데 이번 여행 중 최고의 발견입니다. 시네마틱하고 트렌디한 공간이 주는 쾌감이 장난 아니에요.,review_45.webp,5,2026.05.05,전시회
mirya*************,"공간이 주는 울림이 대단해요. 빈 캔버스에 어떤 예술을 그려내느냐에 따라 무한히 변모하는 고려연와, 늘 응원합니다.",review_46.webp,5,2026.05.25,패션쇼
art_c*******,"하우스 웨딩 스냅 촬영으로 예약 방문했었는데, 자연광과 아치형 기둥들의 클래식한 비율 덕분에 촬영본이 너무 고급스럽게 잘 나왔습니다.",review_47.webp,5,2026.05.02,웨딩
g窯_ho********,밀양 가볼만한곳 찾고 계시다면 고려연와는 선택이 아닌 필수입니다. 거대한 오토 가마터의 공간에 전율이 흐르네요.,review_48.webp,5,2026.05.10,웨딩
spot_******,붉은 벽돌 가마와 아치형 열주들 사이로 스며드는 조명이 비현실적으로 아름답습니다. 밀양 가볼만한곳 1순위 추천이에요.,review_49.webp,5,2026.05.05,야간
muse_**********,붉은 벽돌 가마와 아치형 열주들 사이로 스며드는 조명이 비현실적으로 아름답습니다. 밀양 가볼만한곳 1순위 추천이에요.,review_50.webp,4,2026.05.25,야간
visio**********,패션쇼 런웨이가 펼쳐졌던 기하학적인 벽돌 기둥들을 눈앞에서 보니 전율이 느껴지더군요. 예술적 영감이 넘치는 곳입니다.,review_51.webp,5,2026.05.08,패션쇼
hotpl*************,단순히 보는 전시를 넘어 오감으로 공간을 겪는 체험입니다. 밀양 데이트 코스로 이보다 완벽한 곳은 없습니다.,review_52.webp,5,2026.05.13,전시회
mirya**************,밀양 가볼만한곳 중 이만큼 압도적이고 몽환적인 감성을 주는 곳은 없습니다. 고려연와의 시네마틱 무드에 푹 빠졌어요.,review_53.webp,5,2026.05.06,전시회
yeonw*********,"공간이 주는 울림이 대단해요. 빈 캔버스에 어떤 예술을 그려내느냐에 따라 무한히 변모하는 고려연와, 늘 응원합니다.",review_54.webp,5,2026.05.15,웨딩
space******,밀양 가볼만한곳 중 이만큼 압도적이고 몽환적인 감성을 주는 곳은 없습니다. 고려연와의 시네마틱 무드에 푹 빠졌어요.,review_55.webp,5,2026.05.24,웨딩
colum*********,100년 가마터의 역사적인 흔적과 현대 현대미술 기획전의 만남이 너무 조화롭네요. 밀양 고려연와 후기 꼭 남기고 싶었습니다.,review_56.webp,5,2026.05.20,전시회
frame********,이벤트가 열릴 때마다 완전히 새로운 무대로 변모하는 공간감이 소름 돋아요. 이번 전시도 정말 웅장했습니다.,review_57.webp,5,2026.05.02,전시회
gorye*******,100년의 역사를 가진 벽돌 공장이 이렇게 시네마틱한 예술 공간으로 바뀔 수 있다니 감동적입니다. 밀양 고려연와 강추합니다!,review_58.webp,5,2026.05.24,패션쇼
stage*******,밀양 고려연와의 독보적인 비주얼에 감탄하고 갑니다. 특히 기둥 사이의 라인과 조명 구성이 정말 감각적이네요.,review_59.webp,5,2026.05.24,패션쇼
daily********,과거와 현재의 예술가들이 남긴 흔적이 고스란히 묻어나는 장소. 경남 가볼만한곳 핫플로 널리 알려지길 바랍니다.,review_60.webp,5,2026.05.07,패션쇼
daily********,과거와 현재의 예술가들이 남긴 흔적이 고스란히 묻어나는 장소. 경남 가볼만한곳 핫플로 널리 알려지길 바랍니다.,review_61.webp,5,2026.05.13,웨딩
galle***********,과거의 거친 산업 유산과 현대적인 미니멀 아키텍처가 공존하는 독보적인 공간. 경남 전시회 중 가장 힙한 공간인 듯합니다.,review_62.webp,4,2026.05.07,전시회
light***********,"웅장한 가마터 건물 자체만으로도 방문할 가치가 충분한데, 기획된 무대 연출이 더해지니 예술의 극치를 보여줍니다.",review_63.webp,5,2026.05.21,패션쇼
g窯_sc******,단순히 보는 전시를 넘어 오감으로 공간을 겪는 체험입니다. 밀양 데이트 코스로 이보다 완벽한 곳은 없습니다.,review_64.webp,4,2026.05.24,전시회
mirya*************,"웅장한 가마터 건물 자체만으로도 방문할 가치가 충분한데, 기획된 무대 연출이 더해지니 예술의 극치를 보여줍니다.",review_65.webp,5,2026.05.19,전시회
brick*********,"밀양 고려연와 전시 후기 보고 왔는데, 소문대로 독보적입니다. 거친 벽돌 틈새로 쏟아지는 빛이 너무 신비하네요.",review_66.webp,5,2026.05.10,전시회
yeonw***********,조명과 붉은 벽돌이 주는 따뜻하면서도 장엄한 아우라가 대단해요. 경남 핫플 중 공간 연출이 단연코 톱클래스입니다.,review_67.webp,5,2026.05.21,야간
colum**********,과거와 현재의 예술가들이 남긴 흔적이 고스란히 묻어나는 장소. 경남 가볼만한곳 핫플로 널리 알려지길 바랍니다.,review_68.webp,5,2026.05.24,패션쇼
spot_*****,웅장한 역사성 위에 얹어진 세련된 문화 예술 콘텐츠! 고려연와는 밀양을 넘어 경남을 대표할 만한 문화 랜드마크입니다.,review_69.webp,5,2026.05.04,전시회
visio**********,조명과 붉은 벽돌이 주는 따뜻하면서도 장엄한 아우라가 대단해요. 경남 핫플 중 공간 연출이 단연코 톱클래스입니다.,review_70.webp,5,2026.05.17,야간
shado*******,아치 구조의 붉은 열주가 연출하는 기하학적 깊이감에 한참 동안 넋을 잃고 바라보았습니다. 건축적 완성도가 대단합니다.,review_71.webp,4,2026.05.23,패션쇼
daily**********,웅장한 역사성 위에 얹어진 세련된 문화 예술 콘텐츠! 고려연와는 밀양을 넘어 경남을 대표할 만한 문화 랜드마크입니다.,review_72.webp,5,2026.05.04,전시회
weddi********,YSL 패션쇼를 연상시키는 압도적인 기둥 런웨이 공간! 밀양에서 이런 세련된 비주얼을 마주하게 될 줄 몰랐네요.,review_73.webp,5,2026.05.14,패션쇼
epic_**********,밀양 가볼만한곳 찾고 계시다면 고려연와는 선택이 아닌 필수입니다. 거대한 오토 가마터의 공간에 전율이 흐르네요.,review_74.webp,4,2026.05.16,야간
space**********,YSL 패션쇼를 연상시키는 압도적인 기둥 런웨이 공간! 밀양에서 이런 세련된 비주얼을 마주하게 될 줄 몰랐네요.,review_75.webp,5,2026.05.04,패션쇼
stage******,기존 벽돌공장의 헤리티지를 완벽하게 살린 도시재생의 최고봉입니다. 전시와 무대 연출이 갈 때마다 늘 새로워요.,review_76.webp,5,2026.05.08,전시회
frame*******,경남여행 왔다가 들렀는데 이번 여행 중 최고의 발견입니다. 시네마틱하고 트렌디한 공간이 주는 쾌감이 장난 아니에요.,review_77.webp,5,2026.05.14,야간
hotpl***********,"밀양 고려연와 전시 후기 보고 왔는데, 소문대로 독보적입니다. 거친 벽돌 틈새로 쏟아지는 빛이 너무 신비하네요.",review_78.webp,5,2026.05.22,전시회
muse_*********,100년 가마터의 역사적인 흔적과 현대 현대미술 기획전의 만남이 너무 조화롭네요. 밀양 고려연와 후기 꼭 남기고 싶었습니다.,review_79.webp,5,2026.05.19,전시회
gorye********,인쇄물이나 모니터로 보던 것보다 공간이 주는 감동이 백 배는 더 큽니다. 공간이 지닌 소리와 공기마저 예술이에요.,review_80.webp,4,2026.05.12,패션쇼
